{"cameraMode":{"drawMode":0,"name":"Shaded","section":"Shading Mode"},"sceneLighting":false,"audioPlay":false,"sceneViewState":{"showFog":true,"showMaterialUpdate":false,"showSkybox":false,"showFlares":true,"showImageEffects":true,"showParticleSystems":true},"in2DMode":false,"pivot":{"x":-5.0,"y":3.1500000953674318,"z":0.28999996185302737},"rotation":{"x":0.010169276967644692,"y":0.06206035986542702,"z":0.0006496113492175937,"w":-0.9980577826499939},"size":0.8660253882408142,"orthographic":false}